ID,hours_studied,score
student_id,6.066596,48.145196
2119,0.88,4.15
1347,0.89,7.51
1927,0.94,5.4
1161,1.0,3.43
545,1.06,6.8
2067,1.12,7.39
978,1.15,0.0
1563,1.15,2.06
1595,1.27,8.97
472,1.4,5.44
2084,1.41,8.03
2185,1.58,3.13
576,1.58,11.7
934,1.6,6.04
1713,1.65,8.92
2345,1.69,10.17
1290,1.69,10.58
1152,1.69,8.32
1817,1.7,3.3
1957,1.73,3.33
383,1.75,5.07
1663,1.76,6.1
709,1.84,9.92
672,1.85,9.11
443,1.87,9.26
992,1.92,6.91
567,1.92,12.84
432,1.92,6.2
237,1.95,6.68
2018,1.99,8.9
1098,2.0,10.94
1253,2.01,11.71
80,2.02,13.29
1921,2.04,12.19
1326,2.05,11.63
2233,2.06,5.03
1426,2.07,7.19
38,2.08,11.01
286,2.1,7.27
111,2.16,10.59
2490,2.16,15.8
14,2.17,7.92
2005,2.21,8.23
976,2.22,5.06
1842,2.24,9.57
1791,2.25,10.58
569,2.26,9.78
222,2.27,7.62
1514,2.27,9.74
2229,2.27,13.92
2391,2.31,6.88
741,2.32,9.44
1287,2.33,10.4
1754,2.34,6.23
1805,2.39,5.87
526,2.39,8.61
1915,2.4,10.41
1352,2.4,11.28
2267,2.44,6.5
609,2.44,11.4
2359,2.45,10.47
1951,2.45,8.63
1532,2.46,5.91
2040,2.46,12.45
50,2.47,16.49
1456,2.48,8.41
1488,2.48,8.6
430,2.48,13.22
1864,2.5,13.97
1064,2.52,14.06
2281,2.55,11.47
15,2.55,10.27
397,2.57,4.53
722,2.58,13.09
2368,2.59,10.74
439,2.59,5.97
734,2.59,16.64
1177,2.61,11.23
631,2.62,10.75
1879,2.63,12.01
1032,2.66,16.87
521,2.66,14.89
790,2.68,10.53
1866,2.68,17.67
532,2.68,9.41
636,2.69,12.8
2150,2.71,10.92
1164,2.71,12.52
527,2.74,12.37
1736,2.77,8.4
1374,2.77,7.54
224,2.77,16.43
1577,2.77,10.87
2177,2.78,14.13
2011,2.78,8.49
143,2.79,9.51
2440,2.79,7.86
483,2.79,14.26
2191,2.8,11.92
1764,2.8,11.25
2147,2.8,7.96
401,2.81,12.08
1195,2.81,14.85
1536,2.81,15.08
979,2.83,15.81
1806,2.83,7.56
1809,2.84,11.8
1048,2.85,16.85
776,2.86,16.6
1907,2.86,12.18
1184,2.86,16.21
1569,2.87,9.06
1612,2.87,10.29
2244,2.87,13.85
1250,2.89,8.3
1077,2.89,10.21
705,2.89,9.85
2099,2.89,14.01
131,2.9,13.68
413,2.93,10.82
2425,2.94,14.39
1489,2.95,18.89
947,2.95,12.79
926,2.95,16.35
2333,2.96,14.99
255,2.96,12.99
2363,2.96,11.11
1804,2.97,15.4
473,2.97,9.16
862,2.97,8.2
190,2.97,15.11
2300,2.99,15.65
1936,2.99,15.52
1783,2.99,16.89
644,2.99,11.62
2393,3.01,11.82
1346,3.03,16.17
816,3.03,14.93
45,3.04,21.06
579,3.04,14.48
1359,3.04,11.6
2140,3.06,5.44
96,3.07,7.25
1038,3.07,11.54
1786,3.08,14.69
2396,3.1,14.16
2253,3.1,13.46
347,3.1,12.45
933,3.1,15.78
2083,3.11,14.26
1622,3.12,13.94
1148,3.12,14.97
272,3.13,12.15
970,3.14,13.81
268,3.14,15.84
2187,3.15,12.18
24,3.15,13.61
1487,3.16,16.31
486,3.16,11.71
1407,3.16,18.57
101,3.17,9.06
1266,3.17,14.77
675,3.18,11.8
20,3.18,12.19
704,3.18,18.63
348,3.19,12.3
1209,3.19,16.16
1781,3.19,21.11
750,3.19,9.25
503,3.2,13.7
124,3.2,19.13
1163,3.22,16.2
500,3.23,14.72
2474,3.24,8.95
1982,3.24,16.09
205,3.24,16.01
438,3.24,14.54
873,3.24,19.59
1373,3.26,12.06
1232,3.26,12.9
1349,3.27,14.98
2354,3.27,15.89
2194,3.27,17.07
907,3.28,17.59
2362,3.29,13.17
1574,3.29,15.16
752,3.3,16.56
723,3.3,19.83
1694,3.31,8.48
2055,3.31,15.52
831,3.31,18.52
1397,3.31,19.92
2479,3.32,17.04
782,3.33,16.02
1192,3.33,18.47
2248,3.34,12.75
1286,3.34,14.34
39,3.34,12.3
2378,3.35,17.37
2420,3.35,19.95
1154,3.35,13.65
393,3.36,18.47
1776,3.36,15.87
148,3.36,11.95
2024,3.38,22.58
1316,3.38,10.92
445,3.39,17.4
2407,3.4,15.01
1067,3.41,17.27
1444,3.41,9.38
640,3.41,15.77
2204,3.41,18.34
639,3.42,18.08
2443,3.42,16.87
1074,3.43,17.36
742,3.44,25.44
941,3.44,17.26
707,3.44,14.5
794,3.45,17.89
2155,3.48,19.27
2168,3.48,22.2
251,3.48,22.41
2495,3.49,15.25
1572,3.49,15.14
698,3.5,11.66
266,3.5,19.83
2255,3.5,15.69
953,3.5,16.92
2211,3.5,15.5
1211,3.51,13.13
608,3.51,19.14
194,3.51,17.0
284,3.52,14.41
2464,3.52,18.47
2139,3.52,11.46
2020,3.52,14.82
1883,3.53,15.6
147,3.53,16.44
1138,3.54,18.82
140,3.54,18.85
1931,3.54,12.34
1246,3.55,17.23
1037,3.55,19.78
1462,3.55,23.44
36,3.56,16.95
2086,3.56,21.41
685,3.56,15.47
326,3.57,23.06
1329,3.58,21.57
534,3.58,15.06
1256,3.58,12.12
2235,3.58,18.87
245,3.6,10.6
460,3.6,14.92
1469,3.61,24.32
64,3.61,19.03
1853,3.61,17.56
1909,3.61,19.93
1221,3.62,21.4
159,3.62,18.87
2105,3.62,15.11
431,3.63,21.1
2127,3.64,16.54
1685,3.64,17.13
1351,3.66,17.16
118,3.66,19.0
1539,3.66,18.67
986,3.68,17.4
2410,3.7,16.66
27,3.7,20.34
2278,3.7,22.73
200,3.71,23.21
1124,3.71,19.37
1126,3.71,16.32
1837,3.71,14.23
1511,3.72,19.32
2094,3.72,12.79
682,3.74,21.05
542,3.74,19.94
1908,3.75,18.37
843,3.75,16.52
614,3.75,15.92
2413,3.75,22.08
412,3.75,20.64
1530,3.76,22.06
1066,3.76,19.81
2369,3.77,20.16
677,3.78,15.43
2161,3.78,24.26
1289,3.79,20.51
1180,3.79,19.71
1428,3.79,21.35
63,3.79,17.13
654,3.79,18.78
1871,3.79,14.69
2320,3.8,19.19
1147,3.81,20.87
2327,3.82,20.44
1827,3.82,18.42
1273,3.82,17.83
1869,3.82,18.18
2275,3.83,13.31
2276,3.83,22.65
795,3.84,16.77
488,3.84,20.66
228,3.84,24.48
693,3.84,27.23
1923,3.85,24.32
1640,3.86,20.66
2264,3.86,21.73
2098,3.86,24.44
407,3.86,19.4
946,3.86,17.18
1738,3.86,19.6
183,3.86,19.6
1591,3.86,17.27
1317,3.87,19.55
450,3.88,15.92
133,3.88,21.34
1645,3.88,16.19
34,3.88,18.09
1108,3.89,24.17
1737,3.89,25.23
1425,3.91,20.31
1401,3.91,19.38
1106,3.92,18.82
497,3.93,22.02
458,3.93,20.57
2361,3.94,19.97
1846,3.94,21.52
1030,3.95,18.38
922,3.95,21.23
264,3.95,19.6
1519,3.95,19.95
937,3.96,23.28
2432,3.96,15.02
17,3.97,21.99
1583,3.97,26.71
1244,3.97,22.2
2166,3.97,21.21
635,3.98,21.87
1596,3.98,18.7
568,3.98,21.88
833,3.99,26.68
325,3.99,21.71
2398,3.99,18.55
1659,3.99,19.91
356,3.99,20.4
838,4.0,21.58
1547,4.0,24.13
995,4.0,23.49
2114,4.0,20.41
2302,4.0,21.86
1697,4.0,25.28
1667,4.0,21.11
2118,4.01,13.59
1179,4.02,25.8
1151,4.02,23.39
127,4.02,26.39
627,4.02,16.47
1185,4.02,24.01
453,4.03,23.68
1820,4.03,21.24
732,4.04,16.35
1187,4.04,29.8
275,4.04,20.89
518,4.04,13.95
2284,4.04,19.44
598,4.04,24.17
1710,4.05,19.13
2032,4.05,25.37
161,4.05,18.98
1364,4.05,21.89
753,4.05,24.4
1981,4.06,18.99
1398,4.06,24.7
1190,4.06,22.18
2381,4.07,25.72
427,4.07,22.36
983,4.07,21.58
1524,4.08,25.17
2382,4.09,26.99
2205,4.09,24.62
2238,4.09,23.04
482,4.09,26.72
1637,4.09,22.75
1606,4.09,23.68
755,4.1,24.14
448,4.12,14.26
206,4.12,26.41
2014,4.12,20.43
1327,4.12,19.72
1725,4.13,19.21
1368,4.13,28.33
2392,4.14,19.79
2388,4.15,28.39
1745,4.15,23.57
261,4.15,25.4
751,4.15,25.4
1674,4.16,20.7
602,4.16,26.17
1264,4.16,26.11
2414,4.16,24.18
1926,4.16,20.27
2397,4.16,18.55
832,4.16,19.05
135,4.16,28.77
2451,4.17,24.46
122,4.18,26.25
514,4.18,19.73
19,4.18,23.22
530,4.19,24.09
1268,4.19,27.91
1683,4.19,21.46
1953,4.19,27.41
2247,4.2,24.53
2107,4.2,23.03
2102,4.2,26.85
391,4.2,24.54
1306,4.2,25.66
810,4.21,24.2
332,4.21,21.37
1816,4.22,27.29
171,4.22,22.22
1479,4.23,26.06
1370,4.23,27.4
197,4.23,27.68
1998,4.24,27.71
1553,4.24,25.94
499,4.25,25.62
2103,4.26,29.65
1848,4.27,20.07
508,4.27,20.23
2052,4.27,27.32
2348,4.27,23.31
494,4.28,24.29
759,4.28,28.55
537,4.28,23.92
182,4.29,24.11
590,4.29,25.47
588,4.3,28.84
1464,4.3,27.47
1150,4.31,23.95
1632,4.31,25.27
189,4.31,27.52
1766,4.31,26.81
57,4.32,17.51
381,4.32,18.69
1424,4.32,20.58
1219,4.33,24.96
2175,4.33,27.98
2452,4.34,29.34
510,4.34,24.19
2148,4.34,25.55
301,4.34,26.2
1589,4.34,29.1
2295,4.34,25.16
857,4.34,25.81
360,4.35,26.27
1554,4.35,26.28
337,4.35,31.44
164,4.36,22.99
1503,4.36,25.94
2045,4.36,26.91
341,4.36,26.69
323,4.36,25.74
2056,4.36,24.96
900,4.37,24.71
2008,4.37,26.71
172,4.37,27.69
380,4.38,25.55
1580,4.38,25.15
2294,4.38,26.91
1887,4.38,24.03
2167,4.38,24.13
85,4.38,29.4
1558,4.39,27.58
1880,4.39,23.84
1235,4.39,28.6
1604,4.4,28.98
104,4.4,22.68
872,4.4,22.76
546,4.41,20.22
456,4.41,31.71
1798,4.41,26.77
241,4.41,27.72
2003,4.42,21.73
1917,4.42,27.37
621,4.42,25.07
2449,4.43,25.52
137,4.43,27.26
1475,4.43,27.72
1285,4.43,28.02
2473,4.43,23.6
676,4.44,24.56
730,4.44,26.68
370,4.45,30.61
607,4.45,23.03
1979,4.45,22.74
217,4.45,28.8
2013,4.46,25.25
1248,4.46,27.53
834,4.46,28.77
376,4.47,24.33
525,4.47,21.54
2012,4.47,30.34
2467,4.47,24.33
2484,4.47,26.63
385,4.48,19.0
2386,4.48,25.84
1406,4.49,26.33
1175,4.49,27.17
170,4.49,29.25
1128,4.49,29.65
1304,4.49,27.8
485,4.49,22.35
748,4.49,25.13
1390,4.49,29.93
1796,4.5,22.83
416,4.5,33.04
1788,4.5,27.97
1618,4.5,21.75
1562,4.51,28.36
2000,4.51,24.0
1775,4.52,21.57
1579,4.53,26.66
1269,4.53,29.79
1600,4.54,28.19
231,4.54,31.61
874,4.54,33.33
746,4.55,30.35
777,4.55,31.51
1818,4.56,31.57
46,4.56,29.47
349,4.56,26.38
1213,4.56,29.05
2401,4.56,26.95
229,4.57,26.05
665,4.57,24.88
1513,4.57,25.29
2454,4.57,31.18
156,4.57,30.87
1803,4.58,25.52
258,4.58,26.19
703,4.59,29.21
1259,4.59,29.36
766,4.59,34.39
1207,4.6,27.02
93,4.6,28.47
924,4.6,29.9
463,4.6,27.07
2041,4.61,25.65
1212,4.61,24.87
296,4.61,26.27
2450,4.62,30.18
1014,4.62,23.66
1780,4.62,29.92
1157,4.62,28.95
948,4.62,26.43
2492,4.62,30.94
2231,4.63,25.45
972,4.64,28.86
1392,4.64,30.93
153,4.64,30.66
994,4.64,27.47
2282,4.64,30.06
1698,4.64,24.49
1217,4.65,39.02
967,4.65,27.98
334,4.65,28.38
2273,4.65,31.17
53,4.65,34.82
2001,4.65,26.37
1301,4.66,25.25
1624,4.66,30.04
1056,4.66,29.23
1377,4.66,32.24
1856,4.66,31.5
523,4.67,28.32
1208,4.67,33.6
2053,4.68,32.28
2340,4.68,27.65
2196,4.68,28.97
239,4.68,34.23
974,4.69,26.61
248,4.69,26.33
1753,4.69,30.39
1954,4.69,30.66
1400,4.69,30.83
535,4.7,29.99
1245,4.7,26.89
2394,4.7,29.49
1446,4.7,32.57
1017,4.7,27.44
234,4.7,27.18
2225,4.7,29.63
2222,4.7,31.47
505,4.7,31.51
1824,4.7,26.63
1851,4.71,23.84
1004,4.71,30.09
70,4.71,29.28
487,4.71,29.58
1415,4.71,25.52
1633,4.71,33.23
1603,4.71,34.01
1153,4.72,31.47
1989,4.72,32.71
849,4.72,32.2
2199,4.72,30.45
853,4.73,31.46
2365,4.74,30.14
290,4.75,31.08
1773,4.75,26.46
1051,4.75,28.87
743,4.75,25.48
1109,4.75,26.46
851,4.75,28.97
769,4.75,31.12
1983,4.75,27.9
1918,4.76,24.73
2075,4.76,28.41
1337,4.77,34.48
865,4.77,28.66
2318,4.77,28.05
2156,4.77,37.16
1777,4.78,29.01
1664,4.78,25.4
1472,4.78,27.55
1319,4.78,29.67
1835,4.78,32.21
749,4.78,31.5
2481,4.79,27.36
1379,4.79,26.36
1384,4.79,28.29
550,4.79,34.59
278,4.8,30.37
382,4.8,24.76
2228,4.8,29.63
1193,4.8,34.72
2289,4.8,24.89
31,4.8,32.48
1545,4.8,33.84
402,4.8,29.85
29,4.8,37.26
1955,4.81,35.01
507,4.82,32.75
293,4.82,30.13
1884,4.82,31.89
308,4.82,28.82
2066,4.83,29.82
1434,4.83,33.81
1465,4.84,29.77
2457,4.84,31.02
1243,4.84,32.53
761,4.85,31.0
2136,4.85,23.03
390,4.85,32.83
515,4.85,29.94
1355,4.85,30.6
1022,4.85,24.29
540,4.85,31.07
661,4.85,29.95
470,4.85,32.52
999,4.86,31.28
856,4.86,31.34
340,4.87,31.54
1493,4.87,26.08
128,4.87,34.05
940,4.87,32.89
772,4.88,29.43
2319,4.88,34.04
1877,4.88,24.94
16,4.88,33.04
302,4.88,40.19
927,4.88,32.9
459,4.89,35.68
1238,4.89,31.8
1231,4.89,34.75
852,4.89,31.21
931,4.89,33.64
1491,4.9,27.26
2372,4.9,36.49
1502,4.9,32.25
2085,4.9,31.79
859,4.9,33.69
1843,4.9,38.25
1055,4.9,26.84
2485,4.9,34.08
664,4.91,30.46
713,4.91,37.5
1357,4.91,28.28
2111,4.91,32.72
2403,4.91,29.37
662,4.91,33.82
25,4.91,35.28
1916,4.91,34.38
729,4.92,34.97
1715,4.93,32.88
2367,4.93,33.31
1010,4.93,31.15
1538,4.93,32.15
1727,4.93,38.34
455,4.94,30.03
469,4.94,27.41
89,4.94,30.49
882,4.94,36.43
1570,4.94,36.07
1447,4.94,34.53
850,4.94,32.45
828,4.95,31.3
2344,4.95,32.56
2043,4.95,27.57
683,4.95,29.71
701,4.95,33.63
384,4.95,34.37
84,4.96,36.86
877,4.96,32.37
821,4.97,33.8
449,4.97,32.74
802,4.97,30.43
2116,4.97,32.39
596,4.98,37.24
626,4.98,35.59
2038,4.98,32.52
2087,4.98,36.52
2445,4.99,38.83
130,4.99,32.13
1668,4.99,32.8
2269,4.99,36.64
344,4.99,29.98
936,5.0,36.28
86,5.0,31.74
292,5.01,32.17
2493,5.01,33.5
1076,5.01,34.69
883,5.02,34.58
557,5.02,32.32
1382,5.02,34.51
1529,5.02,38.75
2030,5.02,32.23
219,5.03,32.27
506,5.03,29.99
1605,5.03,33.93
1018,5.03,35.36
256,5.03,32.72
1811,5.03,34.24
2272,5.03,31.07
1035,5.03,40.39
592,5.04,36.53
808,5.04,35.3
2347,5.04,27.68
61,5.04,31.17
247,5.05,35.04
2057,5.05,31.27
1692,5.05,35.11
1889,5.05,34.79
9,5.06,30.41
396,5.06,46.25
1920,5.06,27.74
2215,5.06,34.69
1069,5.06,35.18
345,5.06,35.07
225,5.06,40.29
1687,5.07,41.64
1933,5.07,35.25
12,5.07,36.2
1535,5.07,32.13
2285,5.07,42.86
11,5.07,36.07
47,5.08,30.56
804,5.08,31.58
587,5.08,34.56
1042,5.08,39.1
1506,5.09,36.67
1544,5.09,35.69
2089,5.09,33.51
405,5.1,30.42
2080,5.1,37.47
977,5.1,37.85
2214,5.1,35.99
825,5.11,38.41
1627,5.11,32.41
191,5.11,32.02
919,5.11,31.19
975,5.11,32.93
599,5.11,34.74
1369,5.11,35.58
269,5.12,33.69
812,5.12,36.6
558,5.13,36.05
2217,5.13,42.5
2439,5.13,38.28
1480,5.13,32.16
805,5.13,38.69
1893,5.13,36.31
1720,5.13,29.95
2189,5.14,31.2
1680,5.14,34.44
1202,5.14,39.88
1078,5.14,33.65
1779,5.14,35.32
634,5.15,40.08
1619,5.15,34.24
102,5.16,37.62
2258,5.16,39.6
560,5.16,34.56
829,5.16,32.5
582,5.17,36.32
2379,5.17,33.91
1870,5.18,36.69
2042,5.18,41.9
566,5.18,37.06
556,5.18,33.42
2239,5.19,32.03
1636,5.19,35.05
1484,5.2,32.95
366,5.2,35.36
902,5.21,38.2
1339,5.22,33.73
2350,5.22,37.97
95,5.22,39.07
1942,5.22,37.21
1673,5.22,35.08
866,5.22,42.51
1976,5.22,38.17
538,5.23,37.24
52,5.23,31.08
2487,5.23,36.0
280,5.23,38.15
2303,5.23,32.56
2328,5.23,39.06
1241,5.24,34.73
1482,5.25,41.97
688,5.25,39.68
2157,5.25,36.04
2436,5.26,38.77
1525,5.26,35.03
1946,5.26,34.85
1060,5.26,33.21
674,5.26,39.41
1896,5.26,33.05
2357,5.26,39.76
719,5.27,35.09
1423,5.27,36.22
1588,5.27,37.44
1395,5.27,36.07
824,5.27,38.09
1672,5.27,36.73
691,5.28,36.14
2377,5.28,33.38
2221,5.28,40.46
1065,5.28,40.21
888,5.28,37.65
2182,5.29,35.74
2135,5.29,35.52
1654,5.29,35.34
2334,5.29,39.34
570,5.3,39.71
1081,5.3,44.08
1732,5.3,41.75
1082,5.3,41.68
1944,5.31,39.9
673,5.31,33.92
103,5.31,35.96
1336,5.33,36.83
1902,5.33,41.33
2430,5.33,37.67
641,5.33,40.6
1635,5.33,37.75
246,5.33,37.2
2109,5.34,40.31
94,5.34,38.45
2049,5.34,39.51
564,5.35,36.74
1160,5.35,45.0
1409,5.35,40.17
1676,5.36,39.9
138,5.36,41.26
2311,5.36,40.74
1797,5.36,35.35
1019,5.36,42.32
1083,5.36,44.21
338,5.36,43.33
2173,5.36,39.94
2158,5.36,35.73
2209,5.37,41.55
1274,5.37,36.31
2076,5.37,37.93
215,5.37,39.72
911,5.38,36.8
2004,5.38,40.06
318,5.38,39.86
806,5.38,41.97
58,5.38,38.8
1873,5.38,35.54
1787,5.38,37.41
696,5.38,33.14
1280,5.38,38.53
1318,5.39,38.53
1734,5.39,40.47
2054,5.39,36.04
78,5.4,42.06
1338,5.4,40.11
44,5.4,38.09
1141,5.4,37.62
1900,5.41,41.99
1215,5.41,42.22
1656,5.41,38.52
2331,5.41,41.81
358,5.42,38.66
30,5.42,35.88
1298,5.42,39.95
1611,5.42,42.71
1928,5.43,36.89
1176,5.44,39.79
830,5.44,42.05
996,5.44,45.37
2497,5.44,41.76
1566,5.44,37.66
2498,5.44,48.94
471,5.45,33.99
1430,5.45,40.2
646,5.45,41.21
653,5.46,31.18
1815,5.46,38.68
1560,5.46,39.13
433,5.46,37.22
2404,5.46,38.71
597,5.46,43.0
2188,5.47,37.11
2124,5.47,42.38
2017,5.47,38.77
179,5.47,40.31
643,5.48,39.86
1690,5.48,39.99
1089,5.48,43.89
1722,5.48,42.7
1897,5.48,37.48
667,5.49,39.12
265,5.49,41.12
1031,5.49,44.71
423,5.5,39.87
778,5.5,40.9
476,5.5,40.77
1610,5.5,41.06
1410,5.5,38.19
2288,5.5,38.43
1858,5.5,39.45
1437,5.5,44.21
993,5.51,42.0
2220,5.51,40.85
169,5.51,42.21
645,5.51,41.84
1135,5.51,41.86
1765,5.51,40.36
1706,5.52,38.79
687,5.52,37.11
1671,5.52,36.11
951,5.52,39.24
513,5.52,36.87
2448,5.53,36.86
2169,5.53,38.31
6,5.53,38.39
5,5.53,37.61
100,5.53,39.38
218,5.53,43.45
2423,5.54,42.77
2477,5.54,45.1
649,5.54,40.63
2387,5.54,38.66
2117,5.54,44.46
22,5.55,50.06
1555,5.55,38.03
1188,5.55,41.93
1823,5.55,44.79
1731,5.55,36.46
185,5.55,42.17
2145,5.55,43.09
1350,5.55,36.83
1523,5.55,35.53
574,5.56,46.19
1429,5.56,37.69
989,5.56,38.47
81,5.56,42.39
466,5.56,40.46
311,5.56,40.98
350,5.57,39.83
1872,5.57,39.77
1333,5.57,44.56
840,5.57,46.82
1463,5.58,41.72
1819,5.58,41.98
1878,5.58,47.69
1376,5.58,45.14
291,5.58,43.38
1840,5.58,40.65
2470,5.58,45.92
548,5.59,40.73
1552,5.59,42.27
1242,5.59,43.29
310,5.6,40.12
1969,5.61,42.29
1967,5.61,44.45
2016,5.61,39.26
1512,5.61,37.79
1090,5.61,40.74
1111,5.62,42.19
2249,5.62,39.53
115,5.62,43.84
2181,5.62,41.41
2202,5.62,37.75
498,5.62,38.37
2120,5.62,41.76
1225,5.63,40.37
700,5.63,43.56
2308,5.63,44.26
1320,5.63,38.64
1601,5.63,37.81
1647,5.63,43.35
811,5.63,38.65
726,5.63,39.31
62,5.63,42.49
2224,5.64,41.44
2183,5.64,46.79
1615,5.64,47.27
1303,5.65,38.88
871,5.65,42.24
1768,5.65,36.52
1045,5.65,46.73
1371,5.65,38.42
1145,5.65,40.15
2434,5.65,45.92
2151,5.65,41.76
1505,5.66,38.57
1742,5.66,45.38
1919,5.66,41.67
1435,5.67,42.93
2112,5.67,36.82
897,5.67,44.27
1999,5.67,36.36
354,5.68,43.62
105,5.68,41.04
1793,5.68,38.5
1366,5.68,40.81
633,5.68,37.82
552,5.69,40.95
2371,5.69,52.3
1968,5.7,44.45
2088,5.7,46.06
1282,5.7,42.19
1534,5.7,34.79
287,5.7,40.88
1143,5.7,40.27
2002,5.71,39.33
336,5.71,42.42
660,5.71,44.34
1228,5.71,46.53
1328,5.71,44.87
2,5.72,46.47
408,5.72,40.06
1461,5.72,41.37
1104,5.72,43.53
2079,5.72,41.84
2068,5.73,39.99
1757,5.73,41.08
1709,5.73,41.16
1861,5.73,44.6
2062,5.73,48.75
1473,5.73,44.73
2251,5.74,47.18
481,5.74,44.65
1821,5.74,43.71
320,5.74,38.02
1841,5.74,46.67
2437,5.74,43.77
1226,5.74,45.56
628,5.75,47.88
1712,5.76,42.46
1516,5.76,42.3
1662,5.76,45.58
1477,5.76,45.58
242,5.77,45.63
43,5.77,43.56
399,5.77,43.38
1267,5.78,41.41
1894,5.78,42.78
363,5.78,41.1
465,5.78,47.97
457,5.79,47.25
1741,5.79,39.0
2149,5.79,39.71
1905,5.79,44.07
2064,5.79,45.22
1934,5.79,42.8
1178,5.8,44.25
1551,5.8,42.43
1296,5.8,43.71
1829,5.8,49.79
944,5.8,49.44
915,5.81,43.14
764,5.81,48.28
712,5.81,41.21
444,5.82,44.39
1895,5.82,47.5
965,5.82,45.47
1233,5.82,38.93
1716,5.82,46.6
2395,5.83,41.93
1782,5.83,40.6
1515,5.83,44.91
1614,5.84,40.69
955,5.84,36.37
2270,5.84,47.57
1096,5.84,48.64
1643,5.84,46.38
2172,5.85,40.44
173,5.85,46.09
110,5.85,49.2
188,5.85,40.82
2096,5.85,45.82
779,5.85,45.62
2332,5.86,41.9
1323,5.86,45.36
1091,5.86,48.67
67,5.86,42.46
789,5.86,43.62
1174,5.87,48.18
451,5.87,49.33
533,5.87,46.98
1129,5.87,41.04
2218,5.87,49.17
930,5.87,48.93
2453,5.87,47.96
262,5.88,43.39
1802,5.88,41.68
2428,5.88,46.44
1118,5.88,45.01
612,5.89,45.07
720,5.89,48.04
648,5.89,43.82
440,5.89,44.74
1260,5.89,45.84
1961,5.89,49.5
1950,5.9,50.53
512,5.9,50.05
2384,5.9,47.54
841,5.9,48.21
984,5.9,45.95
1071,5.91,45.27
949,5.91,45.04
2488,5.91,46.41
2424,5.91,50.5
969,5.92,44.99
797,5.92,51.4
715,5.92,48.63
1044,5.92,43.17
73,5.93,45.58
1778,5.93,43.54
442,5.93,45.17
875,5.93,41.51
1576,5.93,46.82
767,5.93,43.87
1839,5.93,40.36
835,5.93,50.71
117,5.93,44.31
663,5.93,45.19
1092,5.93,48.25
1948,5.94,46.97
1541,5.94,47.33
2433,5.95,51.43
1666,5.95,49.23
1023,5.95,43.91
1367,5.95,47.68
112,5.95,43.33
2039,5.95,46.11
1057,5.95,48.69
658,5.95,47.14
1885,5.95,44.93
1682,5.95,45.28
1997,5.95,44.33
1311,5.95,43.81
355,5.96,50.61
1975,5.96,49.5
1197,5.96,45.23
305,5.96,46.62
1561,5.96,49.14
2123,5.96,44.29
357,5.96,44.82
1733,5.96,45.11
33,5.97,48.78
1890,5.97,48.84
879,5.97,48.55
1361,5.97,45.71
2491,5.97,40.81
1308,5.98,41.33
2254,5.98,45.93
2048,5.98,47.06
491,5.98,51.82
331,5.98,42.04
985,5.99,44.37
2325,5.99,47.15
1504,5.99,48.82
1293,5.99,48.1
2007,6.0,49.61
2210,6.0,47.36
2081,6.0,48.14
2047,6.0,47.2
2180,6.01,48.45
99,6.01,51.25
2339,6.01,51.75
1342,6.01,45.46
1892,6.01,50.14
403,6.01,45.94
274,6.02,43.15
1315,6.02,44.0
657,6.03,44.18
2237,6.03,45.53
177,6.03,48.92
1146,6.03,44.6
368,6.03,45.2
1474,6.03,48.18
316,6.04,50.54
2132,6.04,46.44
1830,6.04,46.83
2125,6.04,49.21
571,6.04,44.22
1800,6.04,45.73
727,6.04,45.48
2198,6.04,51.86
1599,6.04,47.7
1450,6.04,44.27
2153,6.04,48.23
2489,6.05,48.8
1641,6.05,50.05
990,6.05,43.47
744,6.05,51.42
371,6.05,46.29
1307,6.06,48.41
903,6.06,48.91
799,6.06,44.85
1389,6.06,48.84
800,6.06,51.76
1247,6.07,41.94
462,6.07,46.68
2274,6.07,48.53
2385,6.07,50.33
1027,6.08,47.99
2468,6.08,51.94
2113,6.08,52.99
1206,6.08,49.58
404,6.09,49.83
536,6.09,50.19
1771,6.09,48.35
1227,6.09,50.24
906,6.09,41.23
233,6.09,50.49
1205,6.1,48.47
2142,6.1,49.34
528,6.1,50.22
2338,6.1,46.64
509,6.1,52.13
1094,6.1,44.54
1321,6.11,47.91
629,6.11,49.31
1417,6.11,48.86
199,6.12,51.02
113,6.12,48.61
1584,6.12,43.52
1003,6.12,49.33
2021,6.12,47.74
656,6.12,44.29
1325,6.13,47.33
1567,6.13,49.98
227,6.13,52.37
132,6.14,50.84
591,6.14,44.08
420,6.14,53.31
2400,6.14,51.29
279,6.14,49.3
23,6.14,50.53
1743,6.14,47.73
1629,6.14,47.23
638,6.15,46.52
493,6.15,49.92
1262,6.15,49.63
1822,6.15,49.37
2461,6.15,48.71
333,6.15,54.35
436,6.15,54.03
1073,6.15,50.65
1763,6.15,51.93
1295,6.16,49.85
1785,6.16,47.51
220,6.16,50.2
819,6.16,53.21
1097,6.16,46.82
77,6.17,54.37
1590,6.17,48.79
2293,6.17,49.59
551,6.17,45.85
79,6.18,50.95
1509,6.18,48.55
2073,6.18,52.45
1966,6.18,46.58
1844,6.19,53.22
803,6.19,50.89
321,6.19,49.42
91,6.19,53.98
2137,6.2,51.97
519,6.2,48.97
1940,6.2,51.79
369,6.2,51.89
129,6.2,49.01
2241,6.21,52.07
2246,6.21,49.61
1191,6.21,52.1
666,6.21,45.27
1173,6.21,47.04
617,6.22,50.03
26,6.22,52.1
1838,6.22,52.1
1621,6.23,48.9
1792,6.23,49.48
717,6.23,45.78
418,6.23,52.8
281,6.23,53.35
306,6.23,45.51
409,6.24,49.57
1028,6.24,57.12
1203,6.24,48.23
762,6.24,51.11
1363,6.24,50.88
1769,6.25,47.64
1695,6.25,43.93
1144,6.25,50.97
1201,6.25,54.26
1607,6.25,50.11
616,6.26,51.93
270,6.26,50.63
971,6.26,50.87
1281,6.27,50.85
1394,6.27,45.66
923,6.27,52.56
1276,6.28,52.94
1531,6.28,54.09
2358,6.29,54.42
1812,6.29,46.44
1910,6.29,54.19
898,6.29,56.14
2044,6.3,50.04
718,6.3,50.2
1335,6.3,48.82
1115,6.3,53.85
386,6.3,50.28
2174,6.3,48.65
2050,6.31,51.22
198,6.31,47.93
2373,6.32,48.31
1845,6.32,50.08
1341,6.32,50.22
2141,6.33,54.62
845,6.33,49.33
1825,6.34,50.0
725,6.34,53.2
1340,6.34,51.41
1657,6.34,53.86
1265,6.34,52.99
42,6.34,48.59
195,6.35,53.42
2402,6.35,49.47
108,6.35,45.84
2143,6.35,51.75
1587,6.35,55.09
1181,6.36,49.25
1700,6.36,54.31
781,6.36,49.96
1443,6.36,50.85
585,6.36,52.11
144,6.37,50.78
238,6.37,53.82
758,6.37,50.61
1360,6.37,52.12
747,6.37,54.12
2026,6.37,56.15
918,6.37,53.42
1494,6.37,54.99
1396,6.37,55.75
378,6.37,50.7
2178,6.37,56.06
2195,6.38,52.31
1279,6.38,46.72
1749,6.38,54.36
1718,6.38,51.46
905,6.38,54.23
963,6.39,53.55
814,6.39,50.03
1974,6.39,54.66
731,6.39,51.8
40,6.39,53.25
1774,6.39,49.78
920,6.39,51.41
1653,6.39,53.27
2060,6.39,54.96
2074,6.39,51.34
1688,6.4,51.06
1016,6.4,54.54
2260,6.4,55.31
277,6.4,52.38
1581,6.4,55.09
1012,6.4,50.48
659,6.4,57.1
1119,6.4,56.79
2399,6.41,55.39
484,6.41,54.14
861,6.41,49.79
2029,6.42,53.28
792,6.42,45.93
711,6.42,57.03
991,6.42,52.43
37,6.42,56.35
1795,6.43,57.16
1112,6.43,54.0
464,6.43,50.4
2006,6.43,54.68
232,6.43,58.69
193,6.43,53.45
807,6.44,55.39
912,6.44,52.5
1199,6.45,56.64
1960,6.45,55.81
878,6.45,50.95
1039,6.45,53.71
620,6.45,58.81
1485,6.45,54.59
2435,6.45,52.5
141,6.45,59.37
367,6.45,51.33
2313,6.46,55.99
346,6.46,50.78
2154,6.46,55.9
154,6.46,57.17
1832,6.47,50.64
1249,6.47,58.41
836,6.47,50.11
577,6.47,56.5
1746,6.48,49.62
2458,6.48,57.46
1924,6.48,57.11
1088,6.48,51.5
1453,6.48,60.87
13,6.48,55.99
343,6.49,58.86
342,6.49,49.85
939,6.49,50.53
2162,6.49,53.62
950,6.49,53.15
2144,6.49,58.57
151,6.5,51.86
2304,6.5,52.45
586,6.5,55.45
913,6.5,60.53
1937,6.51,58.2
737,6.51,57.76
554,6.51,52.34
109,6.52,57.47
2356,6.52,61.92
2380,6.52,57.76
529,6.52,53.31
98,6.52,55.51
1860,6.52,56.9
1054,6.52,62.4
145,6.52,51.58
2216,6.53,54.9
1807,6.53,53.16
2059,6.53,53.31
817,6.53,54.88
2446,6.53,58.07
2065,6.53,57.38
1299,6.53,52.08
793,6.54,59.0
1943,6.54,56.76
1418,6.54,56.73
511,6.54,54.86
2416,6.54,55.8
175,6.55,52.29
2022,6.55,58.56
1218,6.56,62.3
613,6.56,54.5
1172,6.56,58.06
289,6.56,54.06
1886,6.56,54.2
916,6.56,54.94
1436,6.57,56.64
1962,6.57,61.11
867,6.57,53.99
1689,6.57,54.25
1834,6.57,56.2
561,6.58,56.63
1859,6.58,57.42
847,6.58,54.81
2447,6.59,53.58
1573,6.59,51.17
155,6.59,53.79
97,6.59,54.03
150,6.59,58.58
2092,6.6,56.56
116,6.6,58.01
1548,6.6,64.45
1386,6.6,57.55
1617,6.6,55.2
1127,6.61,53.53
2475,6.61,51.65
298,6.61,50.8
1431,6.61,58.18
478,6.62,53.73
1222,6.62,61.34
721,6.62,53.02
1451,6.62,57.75
351,6.62,54.61
1941,6.62,52.11
18,6.63,49.69
1789,6.64,61.01
1194,6.64,59.68
1131,6.64,58.34
2268,6.64,55.74
1300,6.64,53.51
319,6.65,57.81
697,6.65,58.82
2091,6.65,54.85
359,6.65,60.12
1609,6.65,55.99
573,6.65,57.31
1533,6.65,53.14
1684,6.65,54.87
51,6.65,51.86
1652,6.65,60.05
1717,6.66,62.41
1251,6.66,55.05
88,6.66,56.14
59,6.66,57.8
1130,6.66,54.85
415,6.66,58.9
868,6.67,57.44
594,6.67,58.14
555,6.68,62.2
2500,6.68,54.51
1655,6.68,59.99
2418,6.68,55.95
581,6.68,60.62
387,6.68,55.53
174,6.68,55.47
2383,6.69,54.6
1070,6.69,59.95
152,6.69,61.79
957,6.69,60.4
1100,6.69,56.55
49,6.69,60.22
728,6.7,61.01
2271,6.7,57.31
952,6.7,53.62
1701,6.7,58.08
1995,6.7,59.94
2208,6.71,56.03
295,6.71,57.43
82,6.71,58.69
69,6.72,60.22
1836,6.72,55.71
201,6.72,58.7
71,6.72,57.76
1556,6.73,58.42
2256,6.73,58.59
1729,6.73,58.63
1116,6.73,59.94
447,6.73,58.04
549,6.74,59.18
901,6.74,59.31
1904,6.74,58.91
1254,6.75,56.64
28,6.75,59.85
928,6.75,62.22
2101,6.75,57.4
600,6.75,59.81
1947,6.75,55.43
783,6.76,51.69
844,6.76,61.9
1458,6.76,57.46
1085,6.76,58.41
196,6.77,62.58
441,6.77,61.25
2037,6.78,59.13
2419,6.78,62.49
1358,6.78,60.24
1291,6.78,60.14
2063,6.78,55.74
559,6.79,54.93
1468,6.79,52.87
1278,6.79,54.82
1052,6.79,53.87
1006,6.79,54.39
364,6.8,60.78
1445,6.8,57.44
1033,6.8,58.35
714,6.8,63.23
1980,6.81,62.04
2262,6.81,60.81
106,6.81,58.24
250,6.81,58.21
1681,6.81,59.62
2360,6.82,58.49
733,6.82,55.7
1705,6.82,59.28
605,6.83,56.86
339,6.83,65.69
1224,6.83,53.7
166,6.83,54.93
1132,6.84,57.37
2316,6.84,58.52
1478,6.84,63.55
2297,6.84,60.64
1258,6.84,65.32
2342,6.84,59.48
1888,6.85,55.03
1850,6.85,57.73
1638,6.85,60.33
1020,6.85,52.68
2197,6.85,60.91
982,6.85,51.56
791,6.86,63.74
1990,6.86,59.55
1585,6.86,63.39
1646,6.86,51.55
1086,6.86,55.61
1343,6.87,62.61
1026,6.87,56.14
1593,6.87,59.32
2261,6.87,55.86
1196,6.88,58.82
2321,6.88,59.27
2131,6.88,55.08
935,6.88,66.57
1826,6.88,62.92
690,6.89,65.36
1470,6.89,63.75
259,6.89,56.47
1644,6.9,61.02
960,6.9,56.45
1906,6.9,62.5
958,6.91,59.07
1134,6.91,62.35
1413,6.91,63.21
1391,6.92,62.36
2192,6.92,61.07
788,6.92,59.63
2286,6.92,59.42
276,6.92,59.49
2323,6.92,57.69
2280,6.93,50.83
2170,6.93,60.56
1575,6.93,59.12
622,6.94,58.75
858,6.94,54.2
2206,6.94,60.23
1938,6.94,59.67
1546,6.94,59.27
2460,6.94,62.11
187,6.95,62.04
1310,6.95,63.11
736,6.95,61.19
134,6.95,61.58
158,6.95,63.32
1072,6.95,64.67
2033,6.95,62.22
619,6.96,63.99
184,6.96,63.07
593,6.96,60.5
2463,6.96,60.5
1324,6.97,61.53
1631,6.97,60.21
392,6.98,54.73
2343,6.98,63.19
1439,6.98,60.05
684,6.98,60.07
846,6.98,66.03
2200,6.98,59.61
1702,6.98,57.78
1932,6.99,54.56
1114,6.99,62.41
1053,6.99,62.22
757,6.99,58.52
1,6.99,62.96
2337,7.0,59.95
2314,7.0,58.87
2163,7.0,59.59
372,7.0,62.66
517,7.0,56.8
2459,7.0,61.17
2374,7.0,62.08
1748,7.0,67.95
1914,7.0,53.87
243,7.01,61.6
454,7.01,66.01
892,7.01,59.12
2034,7.01,58.84
1288,7.02,58.89
1755,7.02,62.33
1808,7.02,63.76
1420,7.02,61.36
1537,7.03,63.24
1986,7.03,56.89
207,7.03,62.16
208,7.03,61.77
209,7.03,60.67
1568,7.03,62.64
410,7.03,65.48
1721,7.03,54.5
1699,7.03,52.68
90,7.03,61.49
1988,7.03,60.02
2426,7.03,60.2
361,7.04,60.25
745,7.04,61.28
1963,7.04,64.42
149,7.04,61.95
1021,7.05,63.44
2296,7.05,58.13
1322,7.06,62.92
543,7.06,60.35
2309,7.07,66.51
1402,7.07,61.9
1305,7.07,59.61
1421,7.08,67.9
1263,7.08,59.9
1353,7.08,66.3
496,7.08,62.58
2126,7.09,66.34
522,7.09,61.07
1059,7.09,62.13
1891,7.09,64.08
10,7.09,58.47
1204,7.09,59.95
309,7.09,65.3
1670,7.09,60.41
1189,7.1,66.46
2417,7.1,65.86
1770,7.1,65.46
1198,7.1,63.69
1412,7.11,63.44
1965,7.11,61.03
202,7.12,66.18
1899,7.12,66.15
1261,7.12,63.81
785,7.12,58.2
1314,7.12,63.12
2160,7.12,60.42
504,7.13,68.62
1168,7.13,64.76
1455,7.13,61.28
2431,7.13,66.29
211,7.14,60.71
1239,7.14,62.0
524,7.14,66.62
2427,7.14,61.85
959,7.14,63.19
2336,7.15,63.55
477,7.15,67.1
547,7.15,66.8
1000,7.15,62.14
1651,7.16,63.2
1522,7.16,59.18
1362,7.16,61.01
1448,7.17,64.84
2242,7.17,64.99
1691,7.17,64.75
125,7.17,64.8
887,7.17,61.04
889,7.18,66.25
2134,7.18,66.21
2190,7.18,62.16
1466,7.18,64.7
288,7.18,59.72
322,7.19,66.31
1169,7.19,63.34
1139,7.19,63.46
1500,7.19,64.79
1971,7.19,64.71
695,7.19,59.12
1330,7.2,65.34
2082,7.2,60.97
2110,7.21,61.46
2212,7.21,65.79
2307,7.21,61.85
706,7.21,62.02
304,7.22,61.15
54,7.22,65.36
917,7.22,66.62
1272,7.22,62.63
784,7.22,66.79
2077,7.23,60.76
1107,7.23,61.88
1724,7.23,67.82
467,7.23,65.31
1029,7.23,58.74
2352,7.23,71.97
694,7.23,62.44
1945,7.24,58.63
780,7.24,66.08
2093,7.24,66.09
775,7.24,61.69
1597,7.24,66.16
329,7.25,67.35
406,7.25,66.72
181,7.25,66.58
773,7.26,67.35
1518,7.26,66.75
300,7.26,65.54
330,7.26,63.51
1008,7.27,64.59
860,7.27,61.78
236,7.27,63.15
2019,7.27,65.83
1223,7.27,59.83
1703,7.27,61.81
583,7.27,58.81
998,7.28,64.77
531,7.28,57.39
2108,7.28,66.32
1913,7.28,61.67
1123,7.28,58.93
1034,7.29,61.35
1964,7.29,68.51
425,7.29,65.3
961,7.29,70.05
909,7.29,64.36
3,7.3,64.09
214,7.3,60.98
2299,7.3,59.0
896,7.3,60.95
1476,7.3,65.67
943,7.3,65.57
1047,7.3,67.26
611,7.31,61.76
160,7.31,66.96
1973,7.31,69.17
2009,7.32,67.34
282,7.32,63.49
869,7.32,66.55
2315,7.33,66.45
1441,7.33,66.59
2279,7.33,62.25
1794,7.34,65.04
446,7.34,62.18
2326,7.34,66.32
2097,7.34,64.81
842,7.35,65.02
1707,7.35,67.17
2133,7.35,66.86
1460,7.35,66.27
317,7.36,67.37
1752,7.36,66.45
885,7.36,69.24
798,7.36,63.07
2277,7.36,65.78
2265,7.36,62.89
230,7.36,64.41
1381,7.36,66.73
2455,7.36,66.9
2469,7.37,65.07
428,7.37,66.66
2240,7.37,68.13
2353,7.37,67.55
223,7.37,62.85
2444,7.38,63.92
365,7.38,67.34
1901,7.39,67.74
2329,7.39,69.02
1507,7.39,58.15
2349,7.39,64.51
1586,7.39,65.52
650,7.39,63.57
2480,7.39,59.52
1140,7.4,67.76
1005,7.4,64.81
760,7.4,70.67
2341,7.4,63.91
1719,7.42,67.55
411,7.42,65.03
1283,7.42,63.42
689,7.42,69.3
964,7.42,69.64
771,7.42,65.89
1831,7.42,68.6
938,7.42,62.73
1994,7.42,65.18
186,7.43,67.64
2129,7.43,70.01
686,7.43,70.66
2476,7.44,62.75
2203,7.44,68.83
1404,7.44,63.98
434,7.44,69.64
681,7.44,69.81
2130,7.44,68.06
1481,7.44,70.98
1987,7.45,68.22
618,7.45,64.7
1093,7.46,73.92
2236,7.46,69.96
1565,7.47,64.26
1440,7.47,64.87
1095,7.47,70.91
1385,7.48,67.16
2115,7.48,67.49
1723,7.48,67.26
1762,7.48,66.5
41,7.48,65.14
2462,7.49,64.28
2223,7.49,67.48
303,7.49,68.53
724,7.49,69.47
908,7.49,67.83
1922,7.5,64.23
120,7.5,71.95
520,7.5,69.23
601,7.51,65.58
1457,7.51,67.34
516,7.51,70.78
1992,7.51,64.77
1784,7.52,70.69
980,7.52,71.94
468,7.52,66.0
216,7.52,61.45
1354,7.52,64.43
1171,7.52,70.84
8,7.53,71.68
1549,7.53,67.6
578,7.54,69.69
1061,7.54,68.74
260,7.55,69.98
1874,7.56,68.64
146,7.56,65.93
1501,7.56,65.61
2322,7.56,67.66
162,7.57,65.72
2287,7.57,70.51
2122,7.57,73.52
981,7.57,67.46
328,7.58,68.32
2499,7.58,70.9
121,7.58,70.6
2232,7.58,68.33
1863,7.59,69.38
1571,7.59,70.28
1735,7.6,64.01
1991,7.6,69.89
2031,7.61,69.36
1862,7.62,66.47
1728,7.62,70.14
2409,7.62,69.76
314,7.63,68.04
2496,7.63,68.85
139,7.63,65.91
299,7.63,67.91
1432,7.63,73.64
65,7.63,66.3
167,7.64,71.74
76,7.64,65.86
2100,7.64,73.03
2411,7.64,67.57
1312,7.64,70.36
891,7.64,64.43
176,7.65,63.42
2051,7.65,73.45
35,7.65,67.96
313,7.65,74.49
2438,7.65,72.98
637,7.65,72.08
575,7.66,67.16
2408,7.66,65.91
589,7.66,63.53
2015,7.66,68.83
541,7.67,71.33
787,7.67,68.47
1252,7.67,70.44
1294,7.68,68.84
2317,7.68,73.54
973,7.68,69.77
1669,7.68,72.57
1714,7.69,64.19
240,7.7,72.44
1080,7.7,66.63
2330,7.7,66.65
294,7.7,67.03
2061,7.7,66.63
1170,7.71,70.91
192,7.71,69.23
1630,7.71,74.85
1433,7.72,72.72
353,7.72,66.68
2486,7.72,74.94
1984,7.72,71.76
244,7.73,71.85
2465,7.74,68.28
603,7.74,75.2
1693,7.74,74.14
1113,7.74,69.73
377,7.74,67.51
563,7.74,70.01
942,7.74,68.48
2058,7.75,71.44
988,7.75,72.42
490,7.76,77.75
2213,7.76,71.76
1564,7.77,71.53
1046,7.77,71.5
2257,7.77,66.14
1613,7.77,75.23
2466,7.77,69.93
2310,7.78,69.39
2335,7.78,64.97
818,7.78,67.75
2389,7.78,71.39
2234,7.79,72.18
1007,7.79,71.78
1810,7.79,69.42
1214,7.79,64.41
1814,7.79,72.0
297,7.8,72.63
1594,7.81,71.67
87,7.83,67.29
1099,7.83,72.28
1557,7.83,75.6
1183,7.84,71.85
1623,7.84,74.2
252,7.84,76.02
1854,7.84,66.31
1297,7.84,70.83
2250,7.84,71.67
501,7.85,65.75
2070,7.85,71.52
699,7.85,70.31
1002,7.85,69.56
1416,7.86,71.24
56,7.86,73.19
1486,7.87,65.37
1348,7.87,70.26
679,7.87,74.6
1186,7.88,69.23
801,7.88,72.75
2010,7.88,71.51
1345,7.9,76.8
389,7.9,70.83
1978,7.9,74.2
1739,7.9,76.35
1758,7.91,76.31
1508,7.91,70.2
213,7.91,73.56
1284,7.91,68.6
452,7.91,74.42
1985,7.91,71.94
1833,7.91,74.31
374,7.92,70.42
1229,7.93,68.67
1136,7.93,73.07
2071,7.93,70.51
165,7.93,73.65
1881,7.93,72.76
1849,7.94,69.56
92,7.94,71.0
424,7.94,72.24
774,7.95,74.61
60,7.95,75.28
335,7.95,71.77
1747,7.95,73.0
1159,7.96,73.12
2292,7.96,71.38
738,7.97,68.89
2171,7.97,74.71
839,7.97,74.2
1648,7.97,72.43
1302,7.98,68.05
1075,7.99,69.12
1405,7.99,77.77
1101,8.0,70.5
1679,8.0,78.42
1750,8.0,72.86
1855,8.0,74.23
539,8.01,70.25
68,8.01,75.03
2230,8.02,73.22
1156,8.02,74.3
740,8.03,76.11
2415,8.04,69.55
1499,8.05,78.42
1165,8.05,77.04
815,8.06,72.56
1634,8.06,77.43
254,8.06,73.21
1087,8.06,71.53
735,8.06,69.75
55,8.06,71.03
2390,8.07,75.62
1867,8.07,72.09
1378,8.08,74.54
2095,8.08,73.77
595,8.08,71.17
884,8.09,76.97
1040,8.09,73.47
2421,8.09,78.95
2301,8.1,75.57
1009,8.1,75.5
1120,8.1,76.7
702,8.1,75.26
204,8.11,77.15
796,8.11,70.84
754,8.11,77.25
1959,8.11,69.47
48,8.11,72.45
2035,8.12,76.43
2351,8.12,66.33
429,8.12,78.91
820,8.13,81.27
893,8.13,74.11
1996,8.14,79.43
921,8.15,72.65
1422,8.15,75.12
1799,8.15,71.56
2471,8.15,79.04
786,8.16,79.12
1043,8.16,77.2
1626,8.16,71.3
203,8.17,80.69
1309,8.17,76.67
1939,8.17,73.68
1726,8.17,76.26
670,8.18,73.56
1526,8.18,73.8
226,8.18,74.77
1271,8.18,77.81
630,8.19,73.63
2346,8.19,76.51
1929,8.2,75.3
312,8.2,73.04
1711,8.21,74.34
716,8.21,80.38
1121,8.21,70.96
1105,8.22,77.47
890,8.22,75.55
1704,8.22,72.25
2364,8.23,71.16
956,8.23,81.46
2375,8.23,73.48
2128,8.23,73.04
2046,8.24,77.12
480,8.24,75.94
1868,8.25,75.57
2104,8.25,79.39
2429,8.25,71.56
1949,8.25,76.9
1977,8.25,74.04
652,8.25,74.36
1970,8.27,76.77
212,8.27,80.24
2164,8.28,74.31
1660,8.28,75.97
580,8.29,75.04
119,8.29,77.14
765,8.3,77.89
1063,8.3,69.31
1620,8.3,72.76
1582,8.3,73.78
1068,8.32,79.32
163,8.32,77.85
1744,8.32,78.22
692,8.32,78.21
327,8.32,79.79
1578,8.33,70.15
273,8.33,75.61
553,8.34,75.36
2422,8.34,77.18
894,8.34,76.03
1442,8.35,80.02
1903,8.35,73.69
1058,8.35,76.69
395,8.36,77.96
419,8.36,76.73
1122,8.37,77.63
1403,8.37,81.56
1649,8.37,75.04
1993,8.38,74.84
1137,8.38,75.6
1344,8.38,72.52
1686,8.38,77.66
854,8.38,76.84
880,8.38,74.41
925,8.39,71.39
2266,8.39,77.42
2283,8.39,71.63
1471,8.39,75.55
1365,8.39,75.63
565,8.4,72.28
1399,8.4,78.1
2078,8.41,82.33
899,8.41,83.73
1498,8.42,75.99
2355,8.42,80.56
1677,8.43,77.08
1275,8.43,71.72
1521,8.44,83.68
1332,8.44,75.55
1550,8.45,78.45
1255,8.46,75.21
2370,8.47,75.86
2072,8.47,76.53
1270,8.47,75.77
2263,8.47,79.44
1449,8.48,76.63
400,8.48,78.32
2028,8.48,79.77
671,8.49,74.77
1216,8.5,77.16
809,8.51,83.05
1952,8.52,76.38
1847,8.53,77.79
257,8.53,78.54
1490,8.53,75.56
680,8.54,79.58
1628,8.56,83.59
904,8.56,77.85
307,8.56,77.89
2159,8.56,78.94
414,8.56,80.41
1459,8.58,81.69
1665,8.59,77.16
1387,8.6,71.94
1865,8.61,76.78
315,8.61,84.09
142,8.61,77.97
1875,8.62,81.65
1760,8.63,76.08
1661,8.63,78.82
1011,8.63,82.45
1658,8.64,77.36
2226,8.64,69.34
1411,8.66,74.71
962,8.66,84.67
2406,8.68,81.94
1790,8.68,80.97
624,8.69,78.16
66,8.71,78.18
398,8.71,84.54
604,8.71,82.61
2023,8.72,80.96
474,8.73,85.53
1200,8.73,78.86
426,8.74,80.35
1142,8.75,79.16
2184,8.75,77.56
1756,8.75,82.78
1956,8.75,80.55
1602,8.75,77.36
1050,8.76,79.67
2442,8.76,79.18
895,8.76,85.72
1167,8.77,82.03
1182,8.78,78.77
1857,8.78,80.64
1313,8.78,77.36
1876,8.79,81.95
1001,8.8,83.61
2298,8.8,74.25
123,8.81,80.37
822,8.82,77.5
1828,8.82,82.94
1642,8.82,85.17
2290,8.84,79.9
2227,8.84,81.0
855,8.84,78.6
2069,8.85,84.77
271,8.88,80.07
544,8.88,81.37
966,8.88,76.66
813,8.89,87.03
2494,8.89,82.42
954,8.89,79.04
2090,8.9,77.61
2376,8.9,77.75
373,8.9,74.57
2478,8.91,81.21
826,8.91,82.29
178,8.91,76.17
21,8.93,81.57
1375,8.94,78.9
352,8.95,83.68
1049,8.95,77.86
492,8.96,83.05
83,8.96,81.06
1510,8.96,83.11
2207,8.97,85.52
2456,8.97,77.18
1334,8.98,77.13
2146,8.98,86.23
1559,8.99,84.31
610,8.99,75.86
1079,9.0,79.09
435,9.0,84.18
1408,9.0,77.32
668,9.01,82.05
987,9.01,86.16
2252,9.02,80.91
1517,9.03,80.27
1678,9.04,82.74
495,9.05,78.99
4,9.05,80.0
1419,9.06,84.76
1331,9.06,81.34
632,9.06,81.82
2186,9.07,83.98
2366,9.07,76.93
362,9.07,83.42
2412,9.08,86.02
1495,9.08,75.9
72,9.08,77.7
1528,9.09,81.33
863,9.1,76.79
837,9.1,78.11
2138,9.1,78.53
136,9.1,85.42
417,9.1,81.69
1388,9.12,81.87
74,9.13,82.25
929,9.13,83.74
914,9.15,80.07
1036,9.15,87.3
7,9.16,91.43
2165,9.16,84.76
827,9.16,82.58
283,9.17,79.06
625,9.19,82.35
1149,9.19,85.13
1898,9.2,79.94
1438,9.21,78.95
1813,9.22,84.49
1759,9.22,82.73
2245,9.23,87.88
1675,9.23,82.52
1133,9.23,82.32
1882,9.23,83.58
1608,9.25,87.23
1240,9.26,79.17
437,9.26,81.4
267,9.26,83.16
1125,9.27,88.97
1761,9.28,86.35
1236,9.28,82.98
1155,9.28,83.83
2106,9.29,82.62
475,9.29,86.15
1543,9.32,78.76
2152,9.32,85.49
739,9.33,84.22
1467,9.34,84.65
642,9.34,77.32
1257,9.35,84.06
572,9.35,88.9
2405,9.35,85.69
2324,9.35,83.73
1237,9.36,82.43
1041,9.37,84.87
489,9.37,80.53
1772,9.39,82.44
710,9.39,85.38
1452,9.4,81.59
1740,9.42,83.96
1372,9.42,84.68
2482,9.44,86.95
1483,9.45,93.83
1025,9.46,82.64
1015,9.47,85.78
1911,9.47,82.44
2291,9.48,83.72
1210,9.5,84.75
2441,9.5,86.39
678,9.5,83.16
708,9.51,87.18
422,9.51,86.93
249,9.53,85.96
768,9.54,83.73
1542,9.54,87.18
1852,9.55,85.06
876,9.59,82.05
2312,9.59,79.38
864,9.59,81.07
2027,9.6,81.02
968,9.6,85.58
997,9.6,87.6
2201,9.61,82.24
770,9.62,87.25
1380,9.65,84.86
394,9.66,86.15
1730,9.68,85.6
886,9.69,83.97
945,9.69,87.75
651,9.7,88.21
32,9.7,82.94
1520,9.71,85.47
157,9.73,82.57
388,9.75,90.12
1625,9.75,86.85
606,9.75,87.04
932,9.76,90.04
623,9.76,87.48
107,9.77,84.24
1527,9.77,83.69
168,9.79,82.46
1708,9.8,77.62
1801,9.8,84.93
502,9.82,83.69
1110,9.83,85.07
1696,9.88,85.06
1930,9.92,85.28
461,9.93,84.31
2243,9.95,86.9
2483,9.99,87.89
2305,9.99,86.27
1496,10.01,87.24
870,10.02,87.58
1393,10.03,84.81
2179,10.05,89.89
2193,10.05,90.16
1598,10.11,85.81
1427,10.11,90.45
1497,10.12,81.38
421,10.12,85.45
1639,10.13,90.3
1013,10.15,92.86
1084,10.15,84.07
562,10.15,86.73
1925,10.15,85.02
2176,10.18,84.95
1103,10.18,93.98
324,10.18,83.65
2219,10.2,90.09
253,10.24,86.7
285,10.27,86.72
1024,10.28,93.14
1220,10.29,87.95
235,10.29,94.22
1383,10.31,82.83
375,10.31,88.24
1414,10.33,85.88
910,10.33,94.55
1767,10.34,89.34
379,10.38,89.48
126,10.38,86.02
1230,10.42,81.8
1912,10.46,88.71
1158,10.5,82.77
584,10.54,85.8
1162,10.58,87.1
823,10.6,84.69
221,10.63,95.3
1277,10.64,83.97
2472,10.73,89.5
1117,10.81,87.01
2121,10.83,88.66
1166,10.88,86.4
615,10.89,91.37
848,10.91,95.03
114,10.93,90.28
1292,10.99,89.22
881,11.05,97.13
763,11.12,88.08
1492,11.12,89.37
655,11.15,87.74
1234,11.16,91.32
1650,11.18,91.66
1454,11.2,92.7
756,11.26,91.57
